variant_id,group,sequence,n_mutations,his_mutations,cdr_mutations,fr2_mutations,other_fr_mutations,design_note
v04,R2_top10,SVTLTESGGGTVAPGGSATLSCKASGGDFASYSVSWWRQAPGKDREFVASHNGDGSETCYHPDVAGRFTISKDNAASTAYLQMSNLTPADTAVYYCNAHPQGWAHGVEGHYWGQGTTLTVEA,46,IA51H; AA61H; DA99H; VA105H; DA110H,RA27G; TA28D; SA30A; AA33S; MA34V; GA50S; IA51H; NA54D; GA56S; SA57E; YA59C; AA61H; DA62P; SA63D; KA65A; DA99H; QA100P; RA101Q,FA37W; GA44D; LA45R,EA1S; QA3T; VA5T; LA11T; QA13A; LA18A; RA19T; AA23K; RA72K; SA75A; KA76A; NA77S; LA79A; NA84S; SA85N; RA87T; AA88P; EA89A; VA105H; AA106G; DA110H; LA117T; VA118L; SA121E; SA122A,"MD rank 1, seed his_seed_S3"
v05,R2_top10,ELTLTESGGGTVAPGGSVTLSCKASGGDFHKYSWSWWRQAPGQPRVFVASHHGDGSETAYHPAVAGRFTISKDNANSTSYLQMNNLTPADTATYYCNAHPLGWAVGVEGHFWGQGTQLTVTA,50,SA30H; IA51H; NA52H; AA61H; DA99H; DA110H,RA27G; TA28D; SA30H; SA31K; AA33S; MA34W; GA50S; IA51H; NA52H; NA54D; GA56S; SA57E; YA59A; AA61H; DA62P; SA63A; KA65A; DA99H; QA100P; RA101L,FA37W; KA43Q; GA44P; LA45R; EA46V,VA2L; QA3T; VA5T; LA11T; QA13A; LA18V; RA19T; AA23K; RA72K; SA75A; KA76N; NA77S; LA79S; SA85N; RA87T; AA88P; EA89A; VA93T; AA106G; DA110H; YA111F; LA117Q; VA118L; SA121T; SA122A,"MD rank 2, seed his_seed_S4"
v03,R2_top10,SITLTESGGGTVAPGGSVTLSCQASGGNFANYSVSWWRQAPGQNREFVASHHGDGSETTYHPDFAGRFTISKDNSSSTAYLAMSNLTPADTATYYCNAHPEGWAVGVEGHYWGQGTQLTVSA,50,IA51H; NA52H; AA61H; DA99H; DA110H,RA27G; TA28N; SA30A; SA31N; AA33S; MA34V; GA50S; IA51H; NA52H; NA54D; GA56S; SA57E; YA59T; AA61H; DA62P; SA63D; VA64F; KA65A; DA99H; QA100P; RA101E,FA37W; KA43Q; GA44N; LA45R,EA1S; VA2I; QA3T; VA5T; LA11T; QA13A; LA18V; RA19T; AA23Q; RA72K; KA76S; NA77S; LA79A; QA82A; NA84S; SA85N; RA87T; AA88P; EA89A; VA93T; AA106G; DA110H; LA117Q; VA118L; SA122A,"MD rank 3, seed his_seed_S3"
v14,R2_top10,TVTLTESGGGTVAPGGSVTLSCKATGEDFSKYSVSWWRQAPGKPLEFVASHDGDGSETVYHPAVAGRFTISKDNANSTAYLQMSNLTPADTATYYCNAHPLGFLHGVEHHYWGQGTQLTVAA,51,IA51H; AA61H; DA99H; VA105H; GA109H; DA110H,RA27E; TA28D; SA31K; AA33S; MA34V; GA50S; IA51H; NA52D; NA54D; GA56S; SA57E; YA59V; AA61H; DA62P; SA63A; KA65A; DA99H; QA100P; RA101L,FA37W; GA44P,EA1T; QA3T; VA5T; LA11T; QA13A; LA18V; RA19T; AA23K; SA25T; RA72K; SA75A; KA76N; NA77S; LA79A; NA84S; SA85N; RA87T; AA88P; EA89A; VA93T; WA103F; AA104L; VA105H; AA106G; GA109H; DA110H; LA117Q; VA118L; SA121A; SA122A,"MD rank 4, seed his_seed_S4"
v09,R2_top10,EVTLTESGGGTVAPGGSVTLSCKASGGPFHQYSLSWWRQPPGQERIFVASIHGDGSQTSVNPAYAGRFTISKDNANSTAFLKMNNLTPADTATYYCNAHPLGWAVGVEGHYWGQGTLVTVTA,50,SA30H; NA52H; DA99H; DA110H,RA27G; TA28P; SA30H; SA31Q; AA33S; MA34L; GA50S; NA52H; NA54D; GA56S; SA57Q; YA59S; YA60V; AA61N; DA62P; SA63A; VA64Y; KA65A; DA99H; QA100P; RA101L,FA37W; AA40P; KA43Q; GA44E; LA45R; EA46I,QA3T; VA5T; LA11T; QA13A; LA18V; RA19T; AA23K; RA72K; SA75A; KA76N; NA77S; LA79A; YA80F; QA82K; SA85N; RA87T; AA88P; EA89A; VA93T; AA106G; DA110H; SA121T; SA122A,"MD rank 5, seed his_seed_S3"
v08,R2_top10,SITLTESGGGTVAPGGSITLSCKASGGDFSKYSWSWWRQAPGQPRQFVAGIHGDHSETAVNPAYAGRFTISKDNSNSTAYLQMSNLTPADTAVYYCNAHPQGYLVGVEGHYWGQGTSVTVTA,50,NA52H; GA55H; DA99H; DA110H,RA27G; TA28D; SA31K; AA33S; MA34W; NA52H; NA54D; GA55H; GA56S; SA57E; YA59A; YA60V; AA61N; DA62P; SA63A; VA64Y; KA65A; DA99H; QA100P; RA101Q,FA37W; KA43Q; GA44P; LA45R; EA46Q,EA1S; VA2I; QA3T; VA5T; LA11T; QA13A; LA18I; RA19T; AA23K; RA72K; KA76N; NA77S; LA79A; NA84S; SA85N; RA87T; AA88P; EA89A; WA103Y; AA104L; AA106G; DA110H; LA117S; SA121T; SA122A,"MD rank 6, seed his_seed_S3"
v06,R2_top10,TVTLTESGGGTVAPGGSVTLSCKASGEDFAKYSLSWFRQAPGQPREFVAGIHGDGSETVVNPAYAGRFTISRDNATSTAYLAMSNLTPADTAVYYCNAHPLGFLHGVEGHYWGQGTQVTVTA,49,NA52H; DA99H; VA105H; DA110H,RA27E; TA28D; SA30A; SA31K; AA33S; MA34L; NA52H; NA54D; GA56S; SA57E; YA59V; YA60V; AA61N; DA62P; SA63A; VA64Y; KA65A; DA99H; QA100P; RA101L,KA43Q; GA44P; LA45R,EA1T; QA3T; VA5T; LA11T; QA13A; LA18V; RA19T; AA23K; SA75A; KA76T; NA77S; LA79A; QA82A; NA84S; SA85N; RA87T; AA88P; EA89A; WA103F; AA104L; VA105H; AA106G; DA110H; LA117Q; SA121T; SA122A,"MD rank 7, seed his_seed_S3"
v00,R2_top10,SVTLTESGGGTVAPGGSVTLSCKASGGDFSKYSLSWLRQAPGQPEEFVASIDGDHSVTAYHPAVAGRFTISKDNANSTAYLKMSNLRPEDTATYYCNAHPDGFAHGVHGHYRGQGTQLTVTA,51,GA55H; AA61H; DA99H; VA105H; EA108H; DA110H,RA27G; TA28D; SA31K; AA33S; MA34L; GA50S; NA52D; NA54D; GA55H; GA56S; SA57V; YA59A; AA61H; DA62P; SA63A; KA65A; DA99H; QA100P; RA101D,FA37L; KA43Q; GA44P; LA45E,EA1S; QA3T; VA5T; LA11T; QA13A; LA18V; RA19T; AA23K; RA72K; SA75A; KA76N; NA77S; LA79A; QA82K; NA84S; SA85N; AA88P; VA93T; WA103F; VA105H; AA106G; EA108H; DA110H; WA112R; LA117Q; VA118L; SA121T; SA122A,"MD rank 8, seed his_seed_S4"
v02,R2_top10,SVTLVESGGGTVAPGGSVTLSCQMSGGDAASFSMSWWRQAPGQERVFVAGIDGDGSTTVYHPAVAGRFTISRDLANSTAYLNMNNLTPEDTAVYYCNAHPIGWAVGVEGHYWGQGTQLTVTA,46,AA61H; DA99H; DA110H,RA27G; TA28D; FA29A; SA30A; YA32F; AA33S; NA52D; NA54D; GA56S; SA57T; YA59V; AA61H; DA62P; SA63A; KA65A; DA99H; QA100P; RA101I,FA37W; KA43Q; GA44E; LA45R; EA46V,EA1S; QA3T; LA11T; QA13A; LA18V; RA19T; AA23Q; AA24M; NA74L; SA75A; KA76N; NA77S; LA79A; QA82N; SA85N; RA87T; AA88P; AA106G; DA110H; LA117Q; VA118L; SA121T; SA122A,"MD rank 10, seed his_seed_S1"
v10,R2_top10,SVTLTESGGGTVAPGGSVTLSCQASGGDFAQYSMSWWRQAPGQPLVFVASHNGDGSITAVHPDYAGRFTISRDNANSTAYLAMSALTPADTATYYCNAHPLGWAVGVEHHYWGQGTQVTVTA,49,IA51H; AA61H; DA99H; GA109H; DA110H,RA27G; TA28D; SA30A; SA31Q; AA33S; GA50S; IA51H; NA54D; GA56S; SA57I; YA59A; YA60V; AA61H; DA62P; SA63D; VA64Y; KA65A; DA99H; QA100P; RA101L,FA37W; KA43Q; GA44P; EA46V,EA1S; QA3T; VA5T; LA11T; QA13A; LA18V; RA19T; AA23Q; SA75A; KA76N; NA77S; LA79A; QA82A; NA84S; SA85A; RA87T; AA88P; EA89A; VA93T; AA106G; GA109H; DA110H; LA117Q; SA121T; SA122A,"MD rank 10, seed his_seed_S3"
v04_Y37,R2_F37Y,SVTLTESGGGTVAPGGSATLSCKASGGDFASYSVSWYRQAPGKDREFVASHNGDGSETCYHPDVAGRFTISKDNAASTAYLQMSNLTPADTAVYYCNAHPQGWAHGVEGHYWGQGTTLTVEA,46,IA51H; AA61H; DA99H; VA105H; DA110H,RA27G; TA28D; SA30A; AA33S; MA34V; GA50S; IA51H; NA54D; GA56S; SA57E; YA59C; AA61H; DA62P; SA63D; KA65A; DA99H; QA100P; RA101Q,FA37Y; GA44D; LA45R,EA1S; QA3T; VA5T; LA11T; QA13A; LA18A; RA19T; AA23K; RA72K; SA75A; KA76A; NA77S; LA79A; NA84S; SA85N; RA87T; AA88P; EA89A; VA105H; AA106G; DA110H; LA117T; VA118L; SA121E; SA122A,"基于v04全设计, 37位 W→Y"
v14_Y37,R2_F37Y,TVTLTESGGGTVAPGGSVTLSCKATGEDFSKYSVSWYRQAPGKPLEFVASHDGDGSETVYHPAVAGRFTISKDNANSTAYLQMSNLTPADTATYYCNAHPLGFLHGVEHHYWGQGTQLTVAA,51,IA51H; AA61H; DA99H; VA105H; GA109H; DA110H,RA27E; TA28D; SA31K; AA33S; MA34V; GA50S; IA51H; NA52D; NA54D; GA56S; SA57E; YA59V; AA61H; DA62P; SA63A; KA65A; DA99H; QA100P; RA101L,FA37Y; GA44P,EA1T; QA3T; VA5T; LA11T; QA13A; LA18V; RA19T; AA23K; SA25T; RA72K; SA75A; KA76N; NA77S; LA79A; NA84S; SA85N; RA87T; AA88P; EA89A; VA93T; WA103F; AA104L; VA105H; AA106G; GA109H; DA110H; LA117Q; VA118L; SA121A; SA122A,"基于v14全设计, 37位 W→Y"
v12_Y37,R2_F37Y,SITLTESGGGTVAPGGSITLSCKASGEDFSKYAISWYRQAPGQPLEFVASHHGDGSETTVHPAYAGRFTISRDNANSTAYLQMSNLTPEDTAVYYCNAHPLGWAHGVEGHYWGQGTQVTVTA,46,IA51H; NA52H; AA61H; DA99H; VA105H; DA110H,RA27E; TA28D; SA31K; MA34I; GA50S; IA51H; NA52H; NA54D; GA56S; SA57E; YA59T; YA60V; AA61H; DA62P; SA63A; VA64Y; KA65A; DA99H; QA100P; RA101L,FA37Y; KA43Q; GA44P,EA1S; VA2I; QA3T; VA5T; LA11T; QA13A; LA18I; RA19T; AA23K; SA75A; KA76N; NA77S; LA79A; NA84S; SA85N; RA87T; AA88P; VA105H; AA106G; DA110H; LA117Q; SA121T; SA122A,"基于v12全设计, 37位 W→Y"
v04_minimal_Y37,R2_F37Y,EVQLVESGGGLVQPGGSLRLSCAASGGDFSSYSVSWYRQAPGKDREFVAGHNGDGSETCYHPDVAGRFTISRDNSKNTLYLQMNSLRAEDTAVYYCNAHPQGWAHGVEGHYWGQGTLVTVSS,22,I51H; A61H; D99H; V105H; D110H,R27G; T28D; A33S; M34V; I51H; N54D; G56S; S57E; Y59C; A61H; D62P; S63D; K65A; D99H; Q100P; R101Q,G44D; L45R; F37Y,V105H; A106G; D110H,"基于v04_minimal精简版, 37位 F→Y"
v14_minimal_Y37,R2_F37Y,EVQLVESGGGLVQPGGSLRLSCAASGEDFSKYSVSWYRQAPGKPLEFVAGHDGDGSETVYHPAVAGRFTISRDNSKNTLYLQMNSLRAEDTAVYYCNAHPLGFLHGVEHHYWGQGTLVTVSS,26,I51H; A61H; D99H; V105H; G109H; D110H,R27E; T28D; S31K; A33S; M34V; I51H; N52D; N54D; G56S; S57E; Y59V; A61H; D62P; S63A; K65A; D99H; Q100P; R101L,G44P; F37Y,W103F; A104L; V105H; A106G; G109H; D110H,"基于v14_minimal精简版, 37位 F→Y"
sdab_r3_A1,R3_A,EVQLVESGGGLVQPGGSLRLSCAASGRTFSSYAMSWFRQAPGKGLEFVAGHHGNHGSTYYHDSVKGRFTHSHDNSKNTLYLQMNSLRAEDTAVYYCNADQRGWAVAVEGDYWGQGTLVTVSS,6,I51H; N52H; G55H; A61H; I70H; R72H,I51H; N52H; G55H; A61H,,I70H; R72H,"MD rank 2, dCont=-113.5, pH-switch正确; CDR2 三联His(I51H/N52H/G55H互接触)+A61H, FR3的R72H(hub,接触I51/N52/G55)+I70H(接触I51)"
sdab_r3_A2,R3_A,EVQLVESGGGLVQPGGSLRLSCAASGRTHHSYAMSWFRQAPGKGLEFVAGINGNGGSTYYHDSVKGRFTISRDHSKHTLYLQMNSLRAEDTAVYYCNADQRGWAVAVEGHYWGQGTLVTVSS,6,F29H; S30H; A61H; N74H; N77H; D110H,F29H; S30H; A61H,,N74H; N77H; D110H,"MD rank 4, dCont=-135.1, pH-switch正确; CDR1 F29H/S30H(互接触18对), FR3 N74H(接触F29:12+S30:9)+N77H(接触F29:34)"
sdab_r3_A3,R3_A,EVQLVESGGGLVQPGGSLRLSCAASGRTFSSYAMSWFRQAPGKGLEFVAGINGNGGSTYYHDSVKGRFTISHDNSKNTLYLQMNSLRAEDTAVHYCNAHQRGWAVAVHHHYWGQGTLVTVSS,7,A61H; R72H; Y94H; D99H; E108H; G109H; D110H,A61H; D99H,,R72H; Y94H; E108H; G109H; D110H,"MD rank 2, dCont=-31.6, pH-switch正确; CDR3内部His簇(108-109:15对,109-110:13对,99-109:9对)+A61H, Y94H(CDR3入口铰链,接触Y95:19对)+R72H(hub)"
sdab_r3_A4,R3_A,EVQLVESGGGLVQPGGSLRLSCAASGRTFSSYAMSWFRQAPGKGLEFVAGHHGNGGSTYYHDSVKGRHHHSRDNSKNTLYLQMNSLRAEDTAVYYCNADQRGWAVAVEGHYWGQGTLVTVSS,7,I51H; N52H; A61H; F68H; T69H; I70H; D110H,I51H; N52H; A61H,,F68H; T69H; I70H; D110H,"MD rank 1, dCont=-135.6, pH-switch正确; CDR2 I51H/N52H+A61H, FR3疏水支撑簇I70H/T69H/F68H(互接触:T69-I70:20,F68-T69:15)"
sdab_r3_A5,R3_A,EVQLVESGGGLVQPGGSLRLSCAASGRTFSSYAMSWFRQAPGKGLEFVAGINGNGGSTYYHDSVKGRFTISRDNSKNTLYLQMNSLRAEDTAHHYCNAHQRGWAHAVEGHYWGQGTLVTVSS,6,A61H; V93H; Y94H; D99H; V105H; D110H,A61H; D99H,,V93H; Y94H; V105H; D110H,"MD rank 8, dCont=+48.2, pH-switch异常; CDR3入口Y95由V93(20对)/Y94(19对)支撑, V93-Y94互接触(20对), 配合CDR3内部D99H/V105H/D110H"
sdab_r3_B1,R3_B,EVQLVESGGGLVQPGGSLRLSCAASGRTFSSYAMSWFRQAPGKGLEFVAGHHGNHGETVYHPSVKGRFTISHDNSKNTLYLQMNSLRAEDTAVYYCNADQLGWAVGVEGDYWGQGTLVTVSS,10,I51H; N52H; G55H; A61H; R72H,I51H; N52H; G55H; S57E; Y59V; A61H; D62P; R101L,,R72H; A106G,"MD rank 10, dCont=+99.6, pH-switch异常; 对应A1, R72H hub(接触CDR1+CDR2), 背景保底. 比A1少I70H降低风险"
sdab_r3_B2,R3_B,EVQLVESGGGLVQPGGSLRLSCAASGRTHHSYAMSWFRQAPGKGLEFVAGINGNGGETVYHPSVKGRFTISRDHSKHTLYLQMNSLRAEDTAVYYCNADQLGWAVGVEGHYWGQGTLVTVSS,11,F29H; S30H; A61H; N74H; N77H; D110H,F29H; S30H; S57E; Y59V; A61H; D62P; R101L,,N74H; N77H; A106G; D110H,"MD rank 9, dCont=+12.8, pH-switch异常; 对应A2, F29H/S30H+FR3双支撑+背景保底"
sdab_r3_B3,R3_B,EVQLVESGGGLVQPGGSLRLSCAASGRTFSSYAMSWFRQAPGKGLEFVAGHHGNGGETVYHPSVKGRFTHSHDHSKNTLYLQMNSLRAEDTAVYYCNAHQLGWAVGVEGHYWGQGTLVTVSS,13,I51H; N52H; A61H; I70H; R72H; N74H; D99H; D110H,I51H; N52H; S57E; Y59V; A61H; D62P; D99H; R101L,,I70H; R72H; N74H; A106G; D110H,"MD rank 5, dCont=-12.4, pH-switch正确; CDR2+CDR3+三个FR-His覆盖不同轴: R72H(hub), I70H(CDR2基底), N74H(CDR1支撑)+背景保底"
sdab_r3_B4,R3_B,EVQLVESGGGLVQPGGSLRLSCAASGRTFSSYAMSWFRQAPGKGLEFVAGINGNGGETVYHPSVKGRFTISRDNSKNTLYLQMNSLRAEDTAHHYCNAHQLGWAHGVEGHYWGQGTLVTVSS,11,A61H; V93H; Y94H; D99H; V105H; D110H,S57E; Y59V; A61H; D62P; D99H; R101L,,V93H; Y94H; V105H; A106G; D110H,"MD rank 5, dCont=-86.3, pH-switch正确; 对应A5, CDR3入口攻击+背景保底"
sdab_r3_B5,R3_B,EVQLVESGGGLVQPGGSLRLSCAASGRTHSSYAMSWFRQAPGKGLEFVAGHHGNGGETVYHPSVKGRFTHSHDHSKNTLYLQMNSLRAEDTAVHYCNAHQLGWAVGVEGHYWGQGTLVTVSS,15,F29H; I51H; N52H; A61H; I70H; R72H; N74H; Y94H; D99H; D110H,F29H; I51H; N52H; S57E; Y59V; A61H; D62P; D99H; R101L,,I70H; R72H; N74H; Y94H; A106G; D110H,"MD rank 7, dCont=-67.0, pH-switch正确; CDR1+CDR2+CDR3全His+四轴FR-His(R72H hub,N74H CDR1,I70H CDR2基底,Y94H CDR3入口)+背景保底"
